{
    "accuracy": 0.7661016949152543,
    "f1_score": 0.7008333760705677,
    "classification_report": {
        "Dropout": {
            "precision": 0.8,
            "recall": 0.7323943661971831,
            "f1-score": 0.7647058823529411,
            "support": 284.0
        },
        "Enrolled": {
            "precision": 0.5182481751824818,
            "recall": 0.44654088050314467,
            "f1-score": 0.4797297297297297,
            "support": 159.0
        },
        "Graduate": {
            "precision": 0.8176229508196722,
            "recall": 0.9027149321266968,
            "f1-score": 0.8580645161290322,
            "support": 442.0
        },
        "accuracy": 0.7661016949152543,
        "macro avg": {
            "precision": 0.7119570420007181,
            "recall": 0.6938833929423415,
            "f1-score": 0.7008333760705677,
            "support": 885.0
        },
        "weighted avg": {
            "precision": 0.7581816995664515,
            "recall": 0.7661016949152543,
            "f1-score": 0.7601333488636097,
            "support": 885.0
        }
    }
}